{"v":"4.8.0","meta":{"g":"LottieFiles AE 0.1.20","a":"","k":"","d":"","tc":""},"fr":60,"ip":0,"op":41,"w":224,"h":224,"nm":"heart-positive_white","ddd":0,"assets":[],"layers":[{"ddd":0,"ind":1,"ty":3,"nm":"heart controler","sr":1,"ks":{"o":{"a":0,"k":0,"ix":11},"r":{"a":0,"k":0,"ix":10},"p":{"a":0,"k":[112,112,0],"ix":2},"a":{"a":0,"k":[0,0,0],"ix":1},"s":{"a":1,"k":[{"i":{"x":[0.667,0.667,0.667],"y":[1,1,1]},"o":{"x":[0.333,0.333,0.333],"y":[0,0,0]},"t":0,"s":[100,100,100]},{"i":{"x":[0.667,0.667,0.667],"y":[1,1,1]},"o":{"x":[0.333,0.333,0.333],"y":[0,0,0]},"t":5,"s":[80,80,100]},{"i":{"x":[0,0,0.667],"y":[1,1,1]},"o":{"x":[0.333,0.333,0.333],"y":[0,0,0]},"t":10,"s":[125,125,100]},{"t":21,"s":[100,100,100]}],"ix":6}},"ao":0,"ip":0,"op":41,"st":0,"bm":0},{"ddd":0,"ind":3,"ty":4,"nm":"new heart (stroke-based)","parent":1,"sr":1,"ks":{"o":{"a":0,"k":100,"ix":11},"r":{"a":0,"k":0,"ix":10},"p":{"a":0,"k":[0,0,0],"ix":2},"a":{"a":0,"k":[0,0,0],"ix":1},"s":{"a":1,"k":[{"i":{"x":[0,0,0.833],"y":[1,1,0.948]},"o":{"x":[0.333,0.333,0.167],"y":[0,0,0.096]},"t":10,"s":[400,400,100]},{"t":21,"s":[400,400,100]}],"ix":6}},"ao":0,"shapes":[{"ty":"gr","it":[{"ind":0,"ty":"sh","ix":1,"ks":{"a":0,"k":{"i":[[-0.849,-0.819],[-0.232,-1.157],[0.22,-0.834],[0.563,-0.653],[0,0],[0.201,-0.094],[0.221,0],[0.201,0.094],[0.142,0.17],[0,0],[0.22,0.834],[-0.167,0.847],[-0.687,0.771],[-0.984,0.313],[-1.006,-0.232],[-0.747,-0.713],[-0.285,0],[-0.208,0.194],[-0.845,0.264],[-0.874,-0.14]],"o":[[0.849,0.819],[0.167,0.846],[-0.22,0.834],[0,0],[-0.142,0.17],[-0.201,0.094],[-0.221,0],[-0.201,-0.094],[0,0],[-0.564,-0.653],[-0.22,-0.834],[0.198,-1.014],[0.687,-0.771],[0.984,-0.313],[1.006,0.232],[0.208,0.194],[0.285,0],[0.64,-0.612],[0.845,-0.264],[1.164,0.19]],"v":[[8.733,-8.126],[10.393,-5.091],[10.311,-2.538],[9.12,-0.278],[1.162,9.207],[0.641,9.606],[0,9.749],[-0.641,9.606],[-1.161,9.207],[-9.119,-0.278],[-10.311,-2.539],[-10.392,-5.093],[-9.04,-7.821],[-6.487,-9.477],[-3.446,-9.601],[-0.767,-8.156],[0,-7.854],[0.767,-8.156],[3.026,-9.488],[5.64,-9.677]],"c":true},"ix":2},"nm":"Path 1","mn":"ADBE Vector Shape - Group","hd":false},{"ty":"st","c":{"a":0,"k":[0.117647058824,0.843137254902,0.376470588235,1],"ix":3},"o":{"a":0,"k":100,"ix":4},"w":{"a":1,"k":[{"i":{"x":[0],"y":[1]},"o":{"x":[0.333],"y":[0]},"t":10,"s":[2]},{"t":21,"s":[1]}],"ix":5},"lc":1,"lj":1,"ml":4,"bm":0,"nm":"Stroke 1","mn":"ADBE Vector Graphic - Stroke","hd":false},{"ty":"tr","p":{"a":0,"k":[0,0],"ix":2},"a":{"a":0,"k":[0,0],"ix":1},"s":{"a":0,"k":[100,100],"ix":3},"r":{"a":0,"k":0,"ix":6},"o":{"a":0,"k":100,"ix":7},"sk":{"a":0,"k":0,"ix":4},"sa":{"a":0,"k":0,"ix":5},"nm":"Transform"}],"nm":"Path 58","np":2,"cix":2,"bm":0,"ix":1,"mn":"ADBE Vector Group","hd":false},{"ty":"fl","c":{"a":0,"k":[0.117647059262,0.843137264252,0.376470595598,1],"ix":4},"o":{"a":0,"k":100,"ix":5},"r":1,"bm":0,"nm":"Fill 1","mn":"ADBE Vector Graphic - Fill","hd":false}],"ip":10,"op":41,"st":0,"bm":0},{"ddd":0,"ind":5,"ty":4,"nm":"new heart (outlined animations)","parent":1,"sr":1,"ks":{"o":{"a":0,"k":100,"ix":11},"r":{"a":0,"k":0,"ix":10},"p":{"a":0,"k":[0,0,0],"ix":2},"a":{"a":0,"k":[0,0,0],"ix":1},"s":{"a":0,"k":[400,400,100],"ix":6}},"ao":0,"shapes":[{"ty":"gr","it":[{"ty":"gr","it":[{"ind":0,"ty":"sh","ix":1,"ks":{"a":0,"k":{"i":[[1.179,0.272],[1.155,-0.368],[0.806,-0.905],[0.232,-1.189],[-0.259,-0.981],[-0.661,-0.767],[0,0],[-0.333,-0.155],[-0.368,0],[-0.333,0.155],[-0.236,0.282],[0,0],[-0.259,0.978],[0.196,0.995],[0,0],[0.995,0.96],[1.365,0.223],[0,0],[0.993,-0.31],[0.75,-0.716],[0.03,0],[0.023,0.02]],"o":[[-1.181,-0.273],[-1.155,0.368],[-0.806,0.905],[-0.197,0.995],[0.259,0.979],[0,0],[0.236,0.282],[0.333,0.155],[0.368,0],[0.333,-0.155],[0,0],[0.66,-0.767],[0.259,-0.98],[0,0],[-0.272,-1.356],[-0.995,-0.96],[0,0],[-1.027,-0.164],[-0.99,0.309],[-0.023,0.02],[-0.03,0],[-0.876,-0.834]],"v":[[-3.221,-10.575],[-6.79,-10.43],[-9.787,-8.486],[-11.373,-5.286],[-11.278,-2.283],[-9.881,0.37],[-1.928,9.849],[-1.064,10.513],[0,10.749],[1.064,10.513],[1.928,9.849],[9.882,0.369],[11.278,-2.283],[11.374,-5.285],[11.373,-5.288],[9.427,-8.846],[5.802,-10.664],[5.798,-10.664],[2.728,-10.443],[0.083,-8.885],[0,-8.854],[-0.082,-8.885]],"c":true},"ix":2},"nm":"Path 1","mn":"ADBE Vector Shape - Group","hd":false},{"ty":"tr","p":{"a":0,"k":[0,0],"ix":2},"a":{"a":0,"k":[0,0],"ix":1},"s":{"a":0,"k":[100,100],"ix":3},"r":{"a":0,"k":0,"ix":6},"o":{"a":0,"k":100,"ix":7},"sk":{"a":0,"k":0,"ix":4},"sa":{"a":0,"k":0,"ix":5},"nm":"Transform"}],"nm":"Group 1","np":1,"cix":2,"bm":0,"ix":1,"mn":"ADBE Vector Group","hd":false},{"ind":1,"ty":"sh","ix":2,"ks":{"a":1,"k":[{"i":{"x":0.667,"y":1},"o":{"x":0.333,"y":0},"t":5,"s":[{"i":[[-0.813,0.259],[-0.832,-0.192],[-0.617,-0.589],[0,0],[-0.538,0],[-0.393,0.367],[0,0],[-0.698,0.218],[-0.722,-0.115],[-0.702,-0.678],[-0.192,-0.957],[0.182,-0.687],[0.464,-0.538],[0,0],[0.069,-0.032],[0.075,0],[0.068,0.032],[0.048,0.058],[0,0],[0,0],[0.182,0.688],[-0.138,0.698],[0,0],[-0.568,0.637]],"o":[[0.813,-0.259],[0.832,0.192],[0,0],[0.393,0.367],[0.538,0],[0,0],[0.528,-0.505],[0.698,-0.218],[0.963,0.158],[0.702,0.678],[0.137,0.697],[-0.182,0.687],[0,0],[-0.048,0.058],[-0.068,0.032],[-0.075,0],[-0.068,-0.032],[0,0],[0,0],[-0.465,-0.538],[-0.182,-0.688],[0,0],[0.163,-0.838],[0.568,-0.637]],"v":[[-6.184,-8.525],[-3.671,-8.627],[-1.457,-7.433],[-1.449,-7.426],[0,-6.854],[1.45,-7.426],[1.459,-7.434],[3.323,-8.533],[5.481,-8.69],[8.038,-7.406],[9.412,-4.896],[9.344,-2.794],[8.363,-0.931],[0.396,8.564],[0.218,8.7],[0,8.749],[-0.218,8.7],[-0.395,8.564],[-8.353,-0.921],[-8.362,-0.931],[-9.345,-2.795],[-9.411,-4.9],[-9.411,-4.902],[-8.294,-7.156]],"c":true}]},{"t":10,"s":[{"i":[[0.003,-0.001],[0.003,0.001],[0.002,0.002],[0,0],[0.002,0],[0.002,-0.001],[0,0],[0.003,-0.001],[0.003,0],[0.003,0.003],[0.001,0.004],[-0.001,0.003],[-0.002,0.002],[0,0],[0,0],[0,0],[0,0],[0,0],[0,0],[0,0],[-0.001,-0.003],[0.001,-0.003],[0,0],[0.002,-0.003]],"o":[[-0.003,0.001],[-0.003,-0.001],[0,0],[-0.002,-0.001],[-0.002,0],[0,0],[-0.002,0.002],[-0.003,0.001],[-0.004,-0.001],[-0.003,-0.003],[-0.001,-0.003],[0.001,-0.003],[0,0],[0,0],[0,0],[0,0],[0,0],[0,0],[0,0],[0.002,0.002],[0.001,0.003],[0,0],[-0.001,0.003],[-0.002,0.003]],"v":[[0.025,-0.001],[0.015,-0.001],[0.006,-0.006],[0.006,-0.006],[0,-0.008],[-0.006,-0.006],[-0.006,-0.006],[-0.013,-0.001],[-0.022,-0.001],[-0.032,-0.006],[-0.038,-0.016],[-0.037,-0.024],[-0.033,-0.031],[-0.002,-0.069],[-0.001,-0.07],[0,-0.07],[0.001,-0.07],[0.002,-0.069],[0.033,-0.031],[0.033,-0.031],[0.037,-0.024],[0.038,-0.016],[0.038,-0.016],[0.033,-0.007]],"c":true}]}],"ix":2},"nm":"Path 2","mn":"ADBE Vector Shape - Group","hd":false},{"ty":"mm","mm":3,"nm":"Merge Paths 1","mn":"ADBE Vector Filter - Merge","hd":false},{"ty":"fl","c":{"a":1,"k":[{"i":{"x":[0],"y":[1]},"o":{"x":[0],"y":[0]},"t":5,"s":[1,1,1,1]},{"t":10,"s":[0.117647059262,0.843137264252,0.376470595598,1]}],"ix":4},"o":{"a":0,"k":100,"ix":5},"r":1,"bm":0,"nm":"Fill 1","mn":"ADBE Vector Graphic - Fill","hd":false},{"ty":"tr","p":{"a":0,"k":[0,0],"ix":2},"a":{"a":0,"k":[0,0],"ix":1},"s":{"a":0,"k":[100,100],"ix":3},"r":{"a":0,"k":0,"ix":6},"o":{"a":0,"k":100,"ix":7},"sk":{"a":0,"k":0,"ix":4},"sa":{"a":0,"k":0,"ix":5},"nm":"Transform"}],"nm":"Path 58 (Stroke)","np":5,"cix":2,"bm":0,"ix":1,"mn":"ADBE Vector Group","hd":false}],"ip":0,"op":10,"st":0,"bm":0},{"ddd":0,"ind":8,"ty":4,"nm":"heart fade 4","sr":1,"ks":{"o":{"a":1,"k":[{"i":{"x":[1],"y":[1]},"o":{"x":[0.6],"y":[0]},"t":-8,"s":[100]},{"t":33,"s":[0]}],"ix":11},"r":{"a":0,"k":0,"ix":10},"p":{"a":1,"k":[{"i":{"x":0.8,"y":1},"o":{"x":0.95,"y":0},"t":-8,"s":[111.996,134.923,0],"to":[48.754,55.827,0],"ti":[0,0,0]},{"t":33,"s":[155.246,45.673,0]}],"ix":2},"a":{"a":0,"k":[0,0,0],"ix":1},"s":{"a":1,"k":[{"i":{"x":[0.8,0.8,0.833],"y":[1,1,14.016]},"o":{"x":[0.8,0.8,0.167],"y":[0,0,-13.016]},"t":-8,"s":[60,60,100]},{"t":33,"s":[90,90,100]}],"ix":6}},"ao":0,"shapes":[{"ty":"gr","it":[{"ind":0,"ty":"sh","ix":1,"ks":{"a":0,"k":{"i":[[5.765,5.716],[5.763,-4.765],[1.498,0],[0,0],[5.376,-5.334],[-5.763,-5.718],[0,0],[-2.133,2.496],[0,0]],"o":[[-5.4,-5.355],[0,0],[-1.543,0],[-5.763,-4.765],[-5.763,5.718],[0,0],[2.133,2.496],[0,0],[5.718,-5.718]],"v":[[22.282,-19.531],[2.541,-20.438],[0,-19.485],[-2.542,-20.438],[-22.237,-19.531],[-22.237,1.208],[-4.039,22.538],[4.039,22.538],[22.282,1.208]],"c":true},"ix":2},"nm":"Path 1","mn":"ADBE Vector Shape - Group","hd":false},{"ty":"fl","c":{"a":0,"k":[0.117647058824,0.843137254902,0.376470588235,1],"ix":4},"o":{"a":0,"k":100,"ix":5},"r":1,"bm":0,"nm":"Fill 1","mn":"ADBE Vector Graphic - Fill","hd":false},{"ty":"tr","p":{"a":0,"k":[0,0],"ix":2},"a":{"a":0,"k":[0,0],"ix":1},"s":{"a":0,"k":[100,100],"ix":3},"r":{"a":0,"k":0,"ix":6},"o":{"a":0,"k":100,"ix":7},"sk":{"a":0,"k":0,"ix":4},"sa":{"a":0,"k":0,"ix":5},"nm":"Transform"}],"nm":"Shape","np":2,"cix":2,"bm":0,"ix":1,"mn":"ADBE Vector Group","hd":false}],"ip":10,"op":35,"st":-8,"bm":0},{"ddd":0,"ind":9,"ty":4,"nm":"heart fade 3","sr":1,"ks":{"o":{"a":1,"k":[{"i":{"x":[1],"y":[1]},"o":{"x":[0.6],"y":[0]},"t":-18,"s":[100]},{"t":30,"s":[0]}],"ix":11},"r":{"a":0,"k":0,"ix":10},"p":{"a":1,"k":[{"i":{"x":0.8,"y":1},"o":{"x":0.95,"y":0},"t":-18,"s":[112.496,123.173,0],"to":[-38.746,71.327,0],"ti":[0,0,0]},{"t":30,"s":[71.996,43.173,0]}],"ix":2},"a":{"a":0,"k":[0,0,0],"ix":1},"s":{"a":1,"k":[{"i":{"x":[0.8,0.8,0.833],"y":[1,1,16.238]},"o":{"x":[0.8,0.8,0.167],"y":[0,0,-15.238]},"t":-18,"s":[60,60,100]},{"t":30,"s":[90,90,100]}],"ix":6}},"ao":0,"shapes":[{"ty":"gr","it":[{"ind":0,"ty":"sh","ix":1,"ks":{"a":0,"k":{"i":[[5.765,5.716],[5.763,-4.765],[1.498,0],[0,0],[5.376,-5.334],[-5.763,-5.718],[0,0],[-2.133,2.496],[0,0]],"o":[[-5.4,-5.355],[0,0],[-1.543,0],[-5.763,-4.765],[-5.763,5.718],[0,0],[2.133,2.496],[0,0],[5.718,-5.718]],"v":[[22.282,-19.531],[2.541,-20.438],[0,-19.485],[-2.542,-20.438],[-22.237,-19.531],[-22.237,1.208],[-4.039,22.538],[4.039,22.538],[22.282,1.208]],"c":true},"ix":2},"nm":"Path 1","mn":"ADBE Vector Shape - Group","hd":false},{"ty":"fl","c":{"a":0,"k":[1,1,1,1],"ix":4},"o":{"a":0,"k":100,"ix":5},"r":1,"bm":0,"nm":"Fill 1","mn":"ADBE Vector Graphic - Fill","hd":false},{"ty":"tr","p":{"a":0,"k":[0,0],"ix":2},"a":{"a":0,"k":[0,0],"ix":1},"s":{"a":0,"k":[100,100],"ix":3},"r":{"a":0,"k":0,"ix":6},"o":{"a":0,"k":100,"ix":7},"sk":{"a":0,"k":0,"ix":4},"sa":{"a":0,"k":0,"ix":5},"nm":"Transform"}],"nm":"Shape","np":2,"cix":2,"bm":0,"ix":1,"mn":"ADBE Vector Group","hd":false}],"ip":10,"op":33,"st":-18,"bm":0},{"ddd":0,"ind":10,"ty":4,"nm":"heart fade 2","sr":1,"ks":{"o":{"a":1,"k":[{"i":{"x":[1],"y":[1]},"o":{"x":[0.6],"y":[0]},"t":-10,"s":[100]},{"t":27,"s":[0]}],"ix":11},"r":{"a":0,"k":0,"ix":10},"p":{"a":1,"k":[{"i":{"x":0.8,"y":1},"o":{"x":0.95,"y":0},"t":-10,"s":[97.996,105.923,0],"to":[-78.246,0.327,0],"ti":[0,0,0]},{"t":27,"s":[32.246,37.423,0]}],"ix":2},"a":{"a":0,"k":[0,0,0],"ix":1},"s":{"a":1,"k":[{"i":{"x":[0.8,0.8,0.833],"y":[1,1,12.746]},"o":{"x":[0.8,0.8,0.167],"y":[0,0,-11.746]},"t":-10,"s":[60,60,100]},{"t":27,"s":[90,90,100]}],"ix":6}},"ao":0,"shapes":[{"ty":"gr","it":[{"ind":0,"ty":"sh","ix":1,"ks":{"a":0,"k":{"i":[[5.765,5.716],[5.763,-4.765],[1.498,0],[0,0],[5.376,-5.334],[-5.763,-5.718],[0,0],[-2.133,2.496],[0,0]],"o":[[-5.4,-5.355],[0,0],[-1.543,0],[-5.763,-4.765],[-5.763,5.718],[0,0],[2.133,2.496],[0,0],[5.718,-5.718]],"v":[[22.282,-19.531],[2.541,-20.438],[0,-19.485],[-2.542,-20.438],[-22.237,-19.531],[-22.237,1.208],[-4.039,22.538],[4.039,22.538],[22.282,1.208]],"c":true},"ix":2},"nm":"Path 1","mn":"ADBE Vector Shape - Group","hd":false},{"ty":"fl","c":{"a":0,"k":[0.117647058824,0.843137254902,0.376470588235,1],"ix":4},"o":{"a":0,"k":100,"ix":5},"r":1,"bm":0,"nm":"Fill 1","mn":"ADBE Vector Graphic - Fill","hd":false},{"ty":"tr","p":{"a":0,"k":[0,0],"ix":2},"a":{"a":0,"k":[0,0],"ix":1},"s":{"a":0,"k":[100,100],"ix":3},"r":{"a":0,"k":0,"ix":6},"o":{"a":0,"k":100,"ix":7},"sk":{"a":0,"k":0,"ix":4},"sa":{"a":0,"k":0,"ix":5},"nm":"Transform"}],"nm":"Shape","np":2,"cix":2,"bm":0,"ix":1,"mn":"ADBE Vector Group","hd":false}],"ip":10,"op":28,"st":-10,"bm":0},{"ddd":0,"ind":11,"ty":4,"nm":"heart fade","sr":1,"ks":{"o":{"a":1,"k":[{"i":{"x":[0.7],"y":[1]},"o":{"x":[0.6],"y":[0]},"t":-13,"s":[100]},{"t":32,"s":[0]}],"ix":11},"r":{"a":0,"k":0,"ix":10},"p":{"a":1,"k":[{"i":{"x":0.8,"y":1},"o":{"x":0.95,"y":0},"t":-13,"s":[122.246,123.173,0],"to":[78.004,14.077,0],"ti":[0,0,0]},{"t":32,"s":[197.496,23.923,0]}],"ix":2},"a":{"a":0,"k":[0,0,0],"ix":1},"s":{"a":1,"k":[{"i":{"x":[0.8,0.8,0.833],"y":[1,1,15.286]},"o":{"x":[0.8,0.8,0.167],"y":[0,0,-14.286]},"t":-13,"s":[60,60,100]},{"t":32,"s":[90,90,100]}],"ix":6}},"ao":0,"shapes":[{"ty":"gr","it":[{"ind":0,"ty":"sh","ix":1,"ks":{"a":0,"k":{"i":[[5.765,5.716],[5.763,-4.765],[1.498,0],[0,0],[5.376,-5.334],[-5.763,-5.718],[0,0],[-2.133,2.496],[0,0]],"o":[[-5.4,-5.355],[0,0],[-1.543,0],[-5.763,-4.765],[-5.763,5.718],[0,0],[2.133,2.496],[0,0],[5.718,-5.718]],"v":[[22.282,-19.531],[2.541,-20.438],[0,-19.485],[-2.542,-20.438],[-22.237,-19.531],[-22.237,1.208],[-4.039,22.538],[4.039,22.538],[22.282,1.208]],"c":true},"ix":2},"nm":"Path 1","mn":"ADBE Vector Shape - Group","hd":false},{"ty":"fl","c":{"a":0,"k":[1,1,1,1],"ix":4},"o":{"a":0,"k":100,"ix":5},"r":1,"bm":0,"nm":"Fill 1","mn":"ADBE Vector Graphic - Fill","hd":false},{"ty":"tr","p":{"a":0,"k":[0,0],"ix":2},"a":{"a":0,"k":[0,0],"ix":1},"s":{"a":0,"k":[100,100],"ix":3},"r":{"a":0,"k":0,"ix":6},"o":{"a":0,"k":100,"ix":7},"sk":{"a":0,"k":0,"ix":4},"sa":{"a":0,"k":0,"ix":5},"nm":"Transform"}],"nm":"Shape","np":2,"cix":2,"bm":0,"ix":1,"mn":"ADBE Vector Group","hd":false}],"ip":10,"op":33,"st":-13,"bm":0},{"ddd":0,"ind":12,"ty":4,"nm":"soundwave 6","sr":1,"ks":{"o":{"a":1,"k":[{"i":{"x":[0.4],"y":[1]},"o":{"x":[0.2],"y":[0]},"t":12,"s":[100]},{"t":40,"s":[0]}],"ix":11},"r":{"a":0,"k":0,"ix":10},"p":{"a":0,"k":[112,112,0],"ix":2},"a":{"a":0,"k":[0,0,0],"ix":1},"s":{"a":0,"k":[100,100,100],"ix":6}},"ao":0,"shapes":[{"ty":"gr","it":[{"d":1,"ty":"el","s":{"a":1,"k":[{"i":{"x":[0,0],"y":[1,1]},"o":{"x":[0,0],"y":[0,0]},"t":12,"s":[30,30]},{"t":40,"s":[220,220]}],"ix":2},"p":{"a":0,"k":[0,0],"ix":3},"nm":"Ellipse Path 1","mn":"ADBE Vector Shape - Ellipse","hd":false},{"ty":"st","c":{"a":0,"k":[0.117647058824,0.843137254902,0.376470588235,1],"ix":3},"o":{"a":0,"k":100,"ix":4},"w":{"a":1,"k":[{"i":{"x":[0],"y":[1]},"o":{"x":[0],"y":[0]},"t":12,"s":[30]},{"t":40,"s":[0]}],"ix":5},"lc":1,"lj":1,"ml":4,"bm":0,"nm":"Stroke 1","mn":"ADBE Vector Graphic - Stroke","hd":false},{"ty":"tr","p":{"a":0,"k":[0,0],"ix":2},"a":{"a":0,"k":[0,0],"ix":1},"s":{"a":0,"k":[100,100],"ix":3},"r":{"a":0,"k":0,"ix":6},"o":{"a":0,"k":100,"ix":7},"sk":{"a":0,"k":0,"ix":4},"sa":{"a":0,"k":0,"ix":5},"nm":"Transform"}],"nm":"Group 1","np":2,"cix":2,"bm":0,"ix":1,"mn":"ADBE Vector Group","hd":false}],"ip":12,"op":41,"st":12,"bm":0},{"ddd":0,"ind":13,"ty":4,"nm":"soundwave","sr":1,"ks":{"o":{"a":1,"k":[{"i":{"x":[0.4],"y":[1]},"o":{"x":[0.2],"y":[0]},"t":5,"s":[100]},{"t":33,"s":[0]}],"ix":11},"r":{"a":0,"k":0,"ix":10},"p":{"a":0,"k":[112,112,0],"ix":2},"a":{"a":0,"k":[0,0,0],"ix":1},"s":{"a":0,"k":[100,100,100],"ix":6}},"ao":0,"shapes":[{"ty":"gr","it":[{"d":1,"ty":"el","s":{"a":1,"k":[{"i":{"x":[0,0],"y":[1,1]},"o":{"x":[0,0],"y":[0,0]},"t":5,"s":[30,30]},{"t":33,"s":[220,220]}],"ix":2},"p":{"a":0,"k":[0,0],"ix":3},"nm":"Ellipse Path 1","mn":"ADBE Vector Shape - Ellipse","hd":false},{"ty":"st","c":{"a":0,"k":[0.117647058824,0.843137254902,0.376470588235,1],"ix":3},"o":{"a":0,"k":100,"ix":4},"w":{"a":1,"k":[{"i":{"x":[0],"y":[1]},"o":{"x":[0],"y":[0]},"t":5,"s":[30]},{"t":33,"s":[0]}],"ix":5},"lc":1,"lj":1,"ml":4,"bm":0,"nm":"Stroke 1","mn":"ADBE Vector Graphic - Stroke","hd":false},{"ty":"tr","p":{"a":0,"k":[0,0],"ix":2},"a":{"a":0,"k":[0,0],"ix":1},"s":{"a":0,"k":[100,100],"ix":3},"r":{"a":0,"k":0,"ix":6},"o":{"a":0,"k":100,"ix":7},"sk":{"a":0,"k":0,"ix":4},"sa":{"a":0,"k":0,"ix":5},"nm":"Transform"}],"nm":"Group 1","np":2,"cix":2,"bm":0,"ix":1,"mn":"ADBE Vector Group","hd":false}],"ip":5,"op":34,"st":5,"bm":0}],"markers":[]}
