{
  "rewrites": [
    { "source": "/(.*)", "destination": "/" }
  ],
  "headers": [
    {
      "source": "/sw.js",
      "headers": [
        { "key": "Cache-Control", "value": "no-cache, no-store, must-revalidate" },
        { "key": "Service-Worker-Allowed", "value": "/" }
      ]
    },
    {
      "source": "/manifest.json",
      "headers": [
        { "key": "Cache-Control", "value": "public, max-age=86400" }
      ]
    },
    {
      "source": "/(favicon.ico|favicon.png|apple-touch-icon.png|icon-192.png|icon-512.png)",
      "headers": [
        { "key": "Cache-Control", "value": "public, max-age=604800, immutable" }
      ]
    }
  ]
}
